Actual_Close_Price,Predicted_Close_Price,Difference
2416.61,2397.792,18.818007812500127
2403.57,2399.118,4.452080078125164
2410.7,2400.0598,10.640185546874818
2409.73,2400.7104,9.019550781250018
2427.35,2401.1216,26.22841796874991
2444.66,2401.5476,43.112392578124854
2429.85,2402.355,27.49501953124991
2417.17,2403.04,14.129960937500073
2412.91,2403.2307,9.679287109374854
2395.74,2402.7913,-7.051259765625218
2393.45,2402.2598,-8.809765625000182
2403.24,2401.8198,1.4201757812497817
2386.44,2401.6685,-15.228457031249945
2405.21,2401.022,4.188027343750036
2418.8,2400.4548,18.345166015625182
2435.33,2399.6223,35.70768554687493
2446.02,2398.7659,47.25413085937498
2443.27,2398.8613,44.40867187499998
2427.89,2399.7842,28.105820312499873
2441.98,2400.7944,41.18556640625002
2441.74,2402.3823,39.35767578124978
2433.85,2404.034,29.81606445312491
2420.87,2405.2532,15.61682617187489
2423.36,2406.6057,16.754287109375127
